<application>
  <component name="AppStorage">
    <histories>
      <item value="5 fd 5 a 84 fb 03741 a 88 e 30786 dedeb 1 c 2" />
      <item value="Cut hole in path" />
      <item value="Draws a filled linear path on the canvas." />
      <item value="Sets the color of the inner circle of the line-circles." />
      <item value="native" />
      <item value="Returns whether there is an open connection to this device * that has been encrypted." />
      <item value="The user will be prompted to confirm the passkey displayed on the screen or * an app will confirm the passkey for the user." />
      <item value="Used as an int extra field in {@link #ACTION_PAIRING_REQUEST}" />
      <item value="Confirm passkey for {@link #PAIRING_VARIANT_PASSKEY_CONFIRMATION} pairing." />
      <item value="The user will be prompted to accept or deny the incoming pairing request" />
      <item value="The user will be prompted to enter a pin or * an app will enter a pin for user." />
      <item value="The user will be prompted to enter a passkey" />
      <item value="Battery level in percents from 0 to 100, or {@link #BATTERY_LEVEL_UNKNOWN} if * Bluetooth is disabled, or device is disconnected, or does not have any battery reporting * service, or return value is invalid" />
      <item value="Indicates a transformation that applies an alpha only (uses an identity matrix.)" />
      <item value="identity" />
      <item value="Indicates a transformation that has no effect (alpha = 1 and identity matrix.)" />
      <item value="Defines the transformation to be applied at * one point in time of an Animation." />
      <item value="flag that indicates whether the highlight should be full-bar oriented, or single-value?" />
      <item value="Named pair for a form-encoded request." />
      <item value="* A relative or absolute path, or full URL of the endpoint. This value is optional if the first * parameter of the method is annotated with {@link Url @Url}. * &lt;p&gt; * See {@linkplain retrofit2.Retrofit.Builder#baseUrl(HttpUrl) base URL} for details of how * this is resolved against a base URL to create the full endpoint URL." />
      <item value="The RSSI value for the remote device as reported by the Bluetooth hardware. 0 * if no RSSI value is available." />
      <item value="Activity Action: Display the data to the user. This is the most common * action performed on data -- it is the generic action you can use on * a piece of data to get the most reasonable thing to occur. For example, * when used on a contacts entry it will view the entry; when used on a * mailto: URI it will bring up a compose window filled with the information * supplied by the URI; when used with a tel: URI it will invoke the * dialer" />
      <item value="SQLiteException: no such column" />
      <item value="Caused by: java.lang.IllegalArgumentException: Receiver not registered: com.dingtao.rrmmp.activity.bluetoothdata$MyReceiver@6fc38e0" />
      <item value="Set this to true if this component should be enabled (should be drawn), * false if not. If disabled, nothing of this component will be drawn. * Default: true" />
      <item value="* The limit line is an additional feature for all Line-, Bar- and * ScatterCharts. It allows the displaying of an additional line in the chart * that marks a certain maximum / limit on the specified axis (x- or y-axis)." />
      <item value="This formatter is used for passing an array of x-axis labels, on whole x steps." />
      <item value="* Interface for providing a custom logic to where the filling line of a LineDataSet * should end. This of course only works if setFillEnabled(...) is set to true." />
      <item value="Deprecated" />
      <item value="@deprecated Extend {@link ValueFormatter} and use {@link ValueFormatter#getAxisLabel(float, AxisBase)}" />
      <item value="android.bluetooth.device.action.BOND STATE CHANGED" />
      <item value="Used as an int extra field in {@link #ACTION_BOND_STATE_CHANGED} intents. * Contains the bond state of the remote device." />
      <item value="Need BLUETOOTH PRIVILEGED permission: Neither user 10267 nor current process has android.permission.BLUETOOTH_PRIVILEGED." />
      <item value="Service com.dingtao.rrmmp.service.BlueToothService has leaked ServiceConnection com.dingtao.rrmmp.service.DisposeBlueToothData$MyConnection@44244ae that was originally bound here" />
      <item value="BlueToothService has leaked ServiceConnection com.dingtao.rrmmp.service.DisposeBlueToothData$MyConnection@44244ae that was originally bound here" />
      <item value="is Initial Sticky Broadcast" />
      <item value="Spot for additional data this Entry represents." />
      <item value="If set to true, a grey area is drawn behind each bar that indicates the maximum value. Enabling his will reduce" />
      <item value="Returns true if keeping the position on rotation is enabled and false if not." />
      <item value="Sets the minimum offset (padding) around the chart, defaults to 15.f" />
      <item value="When enabled, the values will be clipped to contentRect," />
      <item value="Set this to true to enable zooming in by double-tap on the chart." />
      <item value="target Roam BSSID" />
      <item value="derer: Failed to set EGL_SWAP_BEHAVIOR" />
    </histories>
    <option name="languageScores">
      <map>
        <entry key="CHINESE" value="43" />
        <entry key="ENGLISH" value="44" />
      </map>
    </option>
  </component>
</application>